{
    "PEModules": [],
    "stat": {
        "ru_self_cgstart": {
            "ru_stime_sec": 0.16833999999999999,
            "ru_utime_sec": 0.17249600000000001,
            "ru_maxrss_kb": 74812,
            "ru_majflt": 0,
            "ru_minflt": 27380,
            "ru_nvcsw": 440,
            "ru_nivcsw": 4
        },
        "nMops": 842,
        "ru_childs_cgstart": {
            "ru_stime_sec": 0.085518999999999998,
            "ru_utime_sec": 0.051097999999999998,
            "ru_maxrss_kb": 24512,
            "ru_majflt": 0,
            "ru_minflt": 10790,
            "ru_nvcsw": 56,
            "ru_nivcsw": 22
        },
        "cpu_cycles_cgstart": 10032330201996382,
        "cpu_cycles_total": 2493219320,
        "nQuads": 430,
        "ru_self_end": {
            "ru_stime_sec": 0.20155899999999999,
            "ru_utime_sec": 0.22780400000000001,
            "ru_maxrss_kb": 83068,
            "ru_majflt": 0,
            "ru_minflt": 30261,
            "ru_nvcsw": 585,
            "ru_nivcsw": 7
        },
        "totalObjSize": 185292,
        "ru_childs_end": {
            "ru_stime_sec": 0.085518999999999998,
            "ru_utime_sec": 0.051097999999999998,
            "ru_maxrss_kb": 24512,
            "ru_majflt": 0,
            "ru_minflt": 10790,
            "ru_nvcsw": 56,
            "ru_nivcsw": 22
        },
        "mop/quad": 1.9581395348837209,
        "quadSpeed": 7774.6438128299751,
        "cpu_cycles_end": 10032330619422542,
        "mopSpeed": 15223.837419541485,
        "outputSizePerQuad": 430.91162790697672,
        "Frontend(%)": 80.169378491369741,
        "CodeGen(%)": 19.830621508630262,
        "peak_mem_kb": 446236,
        "realTime": 0.89279007911682129
    },
    "cycles_program_begin": 10032328126203222,
    "Misc": {
        "archive_dir": "archive.0",
        "vcs_version": "O-2018.09-SP2_Full64",
        "cwd": "/usrhome/OB2_OpenSoCPrj/_OpenTensorCore/src/v0p1/sim/top",
        "csrc": "csrc",
        "daidir_abs": "/usrhome/OB2_OpenSoCPrj/_OpenTensorCore/src/v0p1/sim/top/simv.daidir",
        "vcs_build_date": "Build Date = Feb 28 2019 22:34:30",
        "master_pid": 22507,
        "VCS_HOME": "/export/SoftWare/Synopsys/vcs/O-2018.09-SP2",
        "daidir": "simv.daidir",
        "hostname": "eda2",
        "csrc_abs": "/usrhome/OB2_OpenSoCPrj/_OpenTensorCore/src/v0p1/sim/top/csrc",
        "default_output_dir": "csrc"
    },
    "cpu_cycles_pass2_start": 10032330201766292,
    "CurCompileUdps": {},
    "perf": [
        {
            "stat": [
                "main",
                "entry",
                0.061706066131591797,
                0.088723999999999997,
                0.072774000000000005,
                216416,
                216416,
                0.0,
                0.0,
                1763350393.672894,
                10032328127101872
            ],
            "sub": [
                {
                    "stat": [
                        "doParsingAndDesignResolution",
                        "entry",
                        0.24341797828674316,
                        0.103507,
                        0.087110000000000007,
                        276584,
                        277384,
                        0.0,
                        0.0,
                        1763350393.8546059,
                        10032328672062342
                    ],
                    "sub": []
                },
                {
                    "stat": [
                        "doParsingAndDesignResolution",
                        "exit",
                        0.40142512321472168,
                        0.122221,
                        0.115032,
                        381116,
                        446236,
                        0.0,
                        0.0,
                        1763350394.0126131,
                        10032329146041362
                    ],
                    "sub": []
                },
                {
                    "stat": [
                        "doPostDesignResolutionToVir2Vcs",
                        "entry",
                        0.45388102531433105,
                        0.130686,
                        0.12965699999999999,
                        362952,
                        446236,
                        0.0,
                        0.0,
                        1763350394.065069,
                        10032329303459622
                    ],
                    "sub": [
                        {
                            "stat": [
                                "doUptoVir2VcsNoSepCleanup",
                                "entry",
                                0.47074413299560547,
                                0.13473099999999999,
                                0.135767,
                                363120,
                                446236,
                                0.0,
                                0.0,
                                1763350394.0819321,
                                10032329353989092
                            ],
                            "sub": []
                        },
                        {
                            "stat": [
                                "doUptoVir2VcsNoSepCleanup",
                                "exit",
                                0.63376808166503906,
                                0.16389999999999999,
                                0.15871299999999999,
                                363816,
                                446236,
                                0.01864,
                                0.039167,
                                1763350394.244956,
                                10032329843105172
                            ],
                            "sub": []
                        },
                        {
                            "stat": [
                                "doRadify_vir2vcsAll",
                                "entry",
                                0.63399410247802734,
                                0.164016,
                                0.15882499999999999,
                                363816,
                                446236,
                                0.01864,
                                0.039167,
                                1763350394.245182,
                                10032329843660402
                            ],
                            "sub": []
                        },
                        {
                            "stat": [
                                "doRadify_vir2vcsAll",
                                "exit",
                                0.64595317840576172,
                                0.171565,
                                0.16019600000000001,
                                365752,
                                446236,
                                0.01864,
                                0.039167,
                                1763350394.2571411,
                                10032329879589512
                            ],
                            "sub": []
                        }
                    ]
                },
                {
                    "stat": [
                        "doPostDesignResolutionToVir2Vcs",
                        "exit",
                        0.64607000350952148,
                        0.171626,
                        0.16025300000000001,
                        365752,
                        446236,
                        0.01864,
                        0.039167,
                        1763350394.2572579,
                        10032329879860582
                    ],