{
    "Modules": {
        "...MASTER...": {
            "nMops": 0,
            "start_perf": [
                0.75363516807556152,
                0.17255999999999999,
                0.168402,
                364196,
                446236,
                1763350394.3648231,
                10032330202638462
            ],
            "nRouts": 5,
            "nQuads": 0,
            "child_modules": {
                "std": 1,
                "tb_tensor_core": 1
            },
            "end_perf": [
                0.77485418319702148,
                0.17433499999999999,
                0.17848600000000001,
                368652,
                446236,
                10032330266269022,
                0,
                0
            ]
        },
        "std": {
            "start_perf": [
                0.77507305145263672,
                0.17444399999999999,
                0.17859700000000001,
                368652,
                446236,
                1763350394.386261,
                10032330266877422
            ],
            "nMops": 528,
            "nRouts": 33,
            "nQuads": 218,
            "child_modules": {},
            "Compiled": "Yes",
            "Compiled Times": 1,
            "end_perf": [
                0.82167816162109375,
                0.19821800000000001,
                0.186803,
                370812,
                446236,
                10032330406865892,
                8589934594,
                0
            ],
            "svclass": [
                "$vcs_nba_dyn_obj",
                576,
                35,
                2,
                2,
                0,
                "sigprop$$",
                576,
                35,
                2,
                2,
                0,
                "process",
                2380,
                200,
                8,
                8,
                0,
                "event",
                597,
                34,
                2,
                2,
                0,
                "mailbox",
                1769,
                140,
                9,
                9,
                0,
                "semaphore",
                1119,
                84,
                5,
                5,
                0
            ]
        },
        "tb_tensor_core": {
            "nMops": 314,
            "start_perf": [
                0.82187414169311523,
                0.19821800000000001,
                0.187,
                370812,
                446236,
                1763350394.4330621,
                10032330407265652
            ],
            "nRouts": 38,
            "nQuads": 212,
            "child_modules": {},
            "Compiled": "Yes",
            "Compiled Times": 1,
            "end_perf": [
                0.84733200073242188,
                0.21421999999999999,
                0.192382,
                371172,
                446236,
                10032330483730962,
                17179869185,
                0
            ]
        }
    },
    "reusePaths": {},
    "CompUnits": {
        "amcQw_d": {
            "bytes": 7832,
            "mod": "...MASTER...",
            "out": "objs/amcQw_d.o",
            "text": 434,
            "mode": 4,
            "checksum": 0
        },
        "reYIK_d": {
            "bytes": 43000,
            "mod": "std",
            "out": "reYIK_d.o",
            "text": 7325,
            "cls": 7017,
            "archive": "archive.0/_22507_archive_1.a",
            "mode": 4,
            "checksum": 0
        },
        "B5mtc_d": {
            "bytes": 17852,
            "mod": "tb_tensor_core",
            "out": "B5mtc_d.o",
            "text": 3754,
            "archive": "archive.0/_22507_archive_1.a",
            "mode": 4,
            "checksum": 0
        }
    },
    "ObjArchives": [
        {
            "size": 177460,
            "archive": "archive.0/_22507_archive_1.a",
            "objects": [
                [
                    "reYIK_d.o",
                    43000
                ],
                [
                    "B5mtc_d.o",
                    17852
                ],
                [
                    "amcQwB.o",
                    116608
                ]
            ]
        }
    ],
    "stat": {
        "ru_self_end": {
            "ru_stime_sec": 0.20094500000000001,
            "ru_utime_sec": 0.22754199999999999,
            "ru_maxrss_kb": 83068,
            "ru_majflt": 0,
            "ru_minflt": 30255,
            "ru_nvcsw": 582,
            "ru_nivcsw": 7
        },
        "ru_childs_end": {
            "ru_stime_sec": 0.085518999999999998,
            "ru_utime_sec": 0.051097999999999998,
            "ru_maxrss_kb": 24512,
            "ru_majflt": 0,
            "ru_minflt": 10790,
            "ru_nvcsw": 56,
            "ru_nivcsw": 22
        },
        "cpu_cycles_end": 10032330612978962,
        "peak_mem_kb": 446236
    }
}