{
    "Modules": {
        "...MASTER...": {
            "nRouts": 5,
            "child_modules": {
                "tb_fp4_to_fp9": 1,
                "std": 1
            },
            "start_perf": [
                0.62197995185852051,
                0.17226,
                0.147651,
                279480,
                292472,
                1762833013.1675329,
                8480220081360852
            ],
            "end_perf": [
                0.65470695495605469,
                0.17487800000000001,
                0.155333,
                280936,
                292472,
                8480220179596642,
                0,
                0
            ],
            "nQuads": 0,
            "nMops": 0
        },
        "std": {
            "start_perf": [
                0.65493512153625488,
                0.17499999999999999,
                0.155441,
                280936,
                292472,
                1762833013.2004881,
                8480220180222042
            ],
            "child_modules": {},
            "svclass": [
                "$vcs_nba_dyn_obj",
                0,
                35,
                2,
                2,
                0,
                "sigprop$$",
                0,
                35,
                2,
                2,
                0,
                "process",
                0,
                200,
                8,
                8,
                0,
                "event",
                0,
                34,
                2,
                2,
                0,
                "mailbox",
                0,
                140,
                9,
                9,
                0,
                "semaphore",
                0,
                84,
                5,
                5,
                0
            ],
            "Compiled": "Yes",
            "end_perf": [
                0.67973709106445312,
                0.18571699999999999,
                0.15770400000000001,
                280960,
                292472,
                8480220254679042,
                8589934594,
                0
            ],
            "nMops": 528,
            "Compiled Times": 19,
            "nQuads": 218,
            "nRouts": 33
        },
        "tb_fp4_to_fp9": {
            "start_perf": [
                0.6798861026763916,
                0.18579799999999999,
                0.157773,
                280960,
                292472,
                1762833013.2254391,
                8480220255059272
            ],
            "child_modules": {},
            "Compiled": "Yes",
            "end_perf": [
                0.77173304557800293,
                0.26233000000000001,
                0.16318199999999999,
                287140,
                292472,
                8480220530714792,
                17179869185,
                0
            ],
            "nMops": 2645,
            "Compiled Times": 4,
            "significant_routs": [
                [
                    1,
                    "T_VCSgd_IaK8a_1_0",
                    40478110,
                    10737,
                    1458
                ],
                [
                    6,
                    "T_VCSgd_IaK8a_2_0",
                    10857460,
                    2053,
                    231
                ],
                [
                    18,
                    "R_VCSgd_IaK8a_12",
                    18373800,
                    3552,
                    411
                ]
            ],
            "nQuads": 867,
            "nRouts": 42
        }
    },
    "CompUnits": {
        "IaK8a_d": {
            "mod": "tb_fp4_to_fp9",
            "out": "IaK8a_d.o",
            "bytes": 42602,
            "archive": "archive.18/_4345_archive_1.a",
            "text": 21345,
            "mode": 4,
            "checksum": 0
        }
    },
    "reusePaths": {
        "amcQw_d": {
            "icPath": "csrc"
        },
        "reYIK_d": {
            "icPath": "csrc"
        }
    },
    "ObjArchives": [
        {
            "archive": "archive.18/_4345_archive_1.a",
            "size": 162348,
            "objects": [
                [
                    "IaK8a_d.o",
                    42602
                ],
                [
                    "amcQwB.o",
                    119746
                ]
            ]
        }
    ],
    "stat": {
        "ru_self_end": {
            "ru_utime_sec": 0.27048,
            "ru_stime_sec": 0.17343800000000001,
            "ru_nvcsw": 528,
            "ru_maxrss_kb": 82496,
            "ru_nivcsw": 4,
            "ru_majflt": 0,
            "ru_minflt": 28546
        },
        "ru_childs_end": {
            "ru_utime_sec": 0.061379000000000003,
            "ru_stime_sec": 0.083043000000000006,
            "ru_nvcsw": 46,
            "ru_maxrss_kb": 22396,
            "ru_nivcsw": 24,
            "ru_majflt": 0,
            "ru_minflt": 11480
        },
        "cpu_cycles_end": 8480220665202822,
        "peak_mem_kb": 292472
    }
}